[{"id":"1","bank_id":"1","account_number":"5010085848","account_type_id":"2","account_sub_type_id":"2","account_owner_name":"uday","account_balance":"4898.85","mobile":"9000749151","address":"Hyd near bagayalatha bagayalatha 508356","account_status":"Active"},{"id":2,"bank_id":"1","account_number":"5010079450","account_type_id":"2","account_sub_type_id":"2","account_owner_name":"Nikitha","account_balance":"1160.80","mobile":"9000749143","address":"Hyd near bagayalatha bagayalatha 508356","account_status":"Active"},{"id":3,"bank_id":"1","account_number":"5010068827","account_type_id":"2","account_sub_type_id":"1","account_owner_name":"karthik","account_balance":"0.00","mobile":"9000749144","address":"chepur near busstop 508256","account_status":"InActive"},{"id":4,"bank_id":"1","account_number":"5010058898","account_type_id":"2","account_sub_type_id":"2","account_owner_name":"shiva","account_balance":"0.00","mobile":"9000749145","address":"chepur near busstop 508256","account_status":"Active"},{"id":5,"bank_id":"1","account_number":"5010025922","account_type_id":"1","account_sub_type_id":"Null","account_owner_name":"madhuri","account_balance":"0.00","mobile":"9000749146","address":"chepur near busstop 508256","account_status":"Active"},{"id":6,"bank_id":"1","account_number":"5010022317","account_type_id":"2","account_sub_type_id":"1","account_owner_name":"udaykiran","account_balance":"0.00","mobile":"9000567567","address":"hyd","account_status":"Active"},{"id":7,"bank_id":"1","account_number":"5010028941","account_type_id":"2","account_sub_type_id":"1","account_owner_name":"udaykirantest","account_balance":"0.00","mobile":"9000567565","address":"hyd","account_status":"Active"},{"id":8,"bank_id":"1","account_number":"5010096287","account_type_id":"1","account_sub_type_id":"Null","account_owner_name":"madhuri new","account_balance":"0.00","mobile":"9000749147","address":"chepur near busstop 508256","account_status":"Active"},{"id":9,"bank_id":"1","account_number":"5010043439","account_type_id":"2","account_sub_type_id":"1","account_owner_name":"testuser","account_balance":"0.00","mobile":"9000567566","address":"hyd","account_status":"Active"},{"id":10,"bank_id":"1","account_number":"5010033461","account_type_id":"2","account_sub_type_id":"1","account_owner_name":"testusernew","account_balance":"0.00","mobile":"9000567568","address":"hyd","account_status":"Active"}]