[{"id":"1","bank_id":"1","sender_owener_id":"1","transaction_type_id":"3","transaction_mode":"NEFT","transaction_amount":"20.20"},{"id":2,"bank_id":"1","sender_owener_id":"1","transaction_type_id":"1","transaction_mode":"CASH","transaction_amount":"120.05"},{"id":3,"bank_id":"1","sender_owener_id":"1","transaction_type_id":"1","transaction_mode":"CASH","transaction_amount":"120.05"},{"id":4,"bank_id":"1","sender_owener_id":"1","transaction_type_id":"1","transaction_mode":"CASH","transaction_amount":"120.05"},{"id":5,"bank_id":"1","sender_owener_id":"1","transaction_type_id":"2","transaction_mode":"CASH","transaction_amount":"500"},{"id":6,"bank_id":"1","sender_owener_id":"1","transaction_type_id":"1","transaction_mode":"CASH","transaction_amount":"120.05"},{"id":7,"bank_id":"1","sender_owener_id":"1","transaction_type_id":"2","transaction_mode":"CASH","transaction_amount":"500"},{"id":8,"bank_id":"1","sender_owener_id":"1","transaction_type_id":"1","transaction_mode":"CASH","transaction_amount":"120.05"},{"id":9,"bank_id":"1","sender_owener_id":"1","transaction_type_id":"2","transaction_mode":"CASH","transaction_amount":"100"},{"id":10,"bank_id":"1","sender_owener_id":"1","transaction_type_id":"1","transaction_mode":"CASH","transaction_amount":"120.05"},{"id":11,"bank_id":"1","sender_owener_id":"1","transaction_type_id":"2","transaction_mode":"CASH","transaction_amount":"100"},{"id":12,"bank_id":"1","sender_owener_id":"1","transaction_type_id":"1","transaction_mode":"CASH","transaction_amount":"120.05"},{"id":13,"bank_id":"1","sender_owener_id":"1","transaction_type_id":"2","transaction_mode":"CASH","transaction_amount":"100"},{"id":14,"bank_id":"1","sender_owener_id":"1","transaction_type_id":"3","transaction_mode":"NEFT","transaction_amount":"40"},{"id":15,"bank_id":"1","sender_owener_id":"1","transaction_type_id":"1","transaction_mode":"CASH","transaction_amount":"120.05"},{"id":16,"bank_id":"1","sender_owener_id":"1","transaction_type_id":"2","transaction_mode":"CASH","transaction_amount":"100"},{"id":17,"bank_id":"1","sender_owener_id":"1","transaction_type_id":"3","transaction_mode":"NEFT","transaction_amount":"40"},{"id":18,"bank_id":"1","sender_owener_id":"1","transaction_type_id":"1","transaction_mode":"CASH","transaction_amount":"120.05"},{"id":19,"bank_id":"1","sender_owener_id":"1","transaction_type_id":"2","transaction_mode":"CASH","transaction_amount":"100"},{"id":20,"bank_id":"1","sender_owener_id":"1","transaction_type_id":"3","transaction_mode":"NEFT","transaction_amount":"40"},{"id":21,"bank_id":"1","sender_owener_id":"1","transaction_type_id":"1","transaction_mode":"CASH","transaction_amount":"120.05"},{"id":22,"bank_id":"1","sender_owener_id":"1","transaction_type_id":"2","transaction_mode":"CASH","transaction_amount":"100"},{"id":23,"bank_id":"1","sender_owener_id":"1","transaction_type_id":"3","transaction_mode":"NEFT","transaction_amount":"40"},{"id":24,"bank_id":"1","sender_owener_id":"1","transaction_type_id":"1","transaction_mode":"CASH","transaction_amount":"120.05"},{"id":25,"bank_id":"1","sender_owener_id":"1","transaction_type_id":"2","transaction_mode":"CASH","transaction_amount":"100"},{"id":26,"bank_id":"1","sender_owener_id":"1","transaction_type_id":"3","transaction_mode":"NEFT","transaction_amount":"40"},{"id":27,"bank_id":"1","sender_owener_id":"1","transaction_type_id":"1","transaction_mode":"CASH","transaction_amount":"120.05"},{"id":28,"bank_id":"1","sender_owener_id":"1","transaction_type_id":"2","transaction_mode":"CASH","transaction_amount":"100"},{"id":29,"bank_id":"1","sender_owener_id":"1","transaction_type_id":"3","transaction_mode":"NEFT","transaction_amount":"40"},{"id":30,"bank_id":"1","sender_owener_id":"1","transaction_type_id":"1","transaction_mode":"CASH","transaction_amount":"120.05"},{"id":31,"bank_id":"1","sender_owener_id":"1","transaction_type_id":"2","transaction_mode":"CASH","transaction_amount":"100"},{"id":32,"bank_id":"1","sender_owener_id":"1","transaction_type_id":"3","transaction_mode":"NEFT","transaction_amount":"40"},{"id":33,"bank_id":"1","sender_owener_id":"1","transaction_type_id":"1","transaction_mode":"CASH","transaction_amount":"120.05"},{"id":34,"bank_id":"1","sender_owener_id":"1","transaction_type_id":"2","transaction_mode":"CASH","transaction_amount":"100"},{"id":35,"bank_id":"1","sender_owener_id":"1","transaction_type_id":"3","transaction_mode":"NEFT","transaction_amount":"40"},{"id":36,"bank_id":"1","sender_owener_id":"1","transaction_type_id":"1","transaction_mode":"CASH","transaction_amount":"120.05"},{"id":37,"bank_id":"1","sender_owener_id":"1","transaction_type_id":"2","transaction_mode":"CASH","transaction_amount":"100"},{"id":38,"bank_id":"1","sender_owener_id":"1","transaction_type_id":"3","transaction_mode":"NEFT","transaction_amount":"40"},{"id":39,"bank_id":"1","sender_owener_id":"1","transaction_type_id":"1","transaction_mode":"CASH","transaction_amount":"120.05"},{"id":40,"bank_id":"1","sender_owener_id":"1","transaction_type_id":"2","transaction_mode":"CASH","transaction_amount":"100"},{"id":41,"bank_id":"1","sender_owener_id":"1","transaction_type_id":"3","transaction_mode":"NEFT","transaction_amount":"40"},{"id":42,"bank_id":"1","sender_owener_id":"1","transaction_type_id":"1","transaction_mode":"CASH","transaction_amount":"120.05"},{"id":43,"bank_id":"1","sender_owener_id":"1","transaction_type_id":"2","transaction_mode":"CASH","transaction_amount":"100"},{"id":44,"bank_id":"1","sender_owener_id":"1","transaction_type_id":"3","transaction_mode":"NEFT","transaction_amount":"40"},{"id":45,"bank_id":"1","sender_owener_id":"1","transaction_type_id":"1","transaction_mode":"CASH","transaction_amount":"120.05"},{"id":46,"bank_id":"1","sender_owener_id":"1","transaction_type_id":"2","transaction_mode":"CASH","transaction_amount":"100"},{"id":47,"bank_id":"1","sender_owener_id":"1","transaction_type_id":"3","transaction_mode":"NEFT","transaction_amount":"40"},{"id":48,"bank_id":"1","sender_owener_id":"1","transaction_type_id":"1","transaction_mode":"CASH","transaction_amount":"120.05"},{"id":49,"bank_id":"1","sender_owener_id":"1","transaction_type_id":"2","transaction_mode":"CASH","transaction_amount":"100"},{"id":50,"bank_id":"1","sender_owener_id":"1","transaction_type_id":"3","transaction_mode":"NEFT","transaction_amount":"40"},{"id":51,"bank_id":"1","sender_owener_id":"1","transaction_type_id":"1","transaction_mode":"CASH","transaction_amount":"120.05"},{"id":52,"bank_id":"1","sender_owener_id":"1","transaction_type_id":"2","transaction_mode":"CASH","transaction_amount":"100"},{"id":53,"bank_id":"1","sender_owener_id":"1","transaction_type_id":"3","transaction_mode":"NEFT","transaction_amount":"40"},{"id":54,"bank_id":"1","sender_owener_id":"1","transaction_type_id":"1","transaction_mode":"CASH","transaction_amount":"120.05"},{"id":55,"bank_id":"1","sender_owener_id":"1","transaction_type_id":"2","transaction_mode":"CASH","transaction_amount":"100"},{"id":56,"bank_id":"1","sender_owener_id":"1","transaction_type_id":"3","transaction_mode":"NEFT","transaction_amount":"40"},{"id":57,"bank_id":"1","sender_owener_id":"1","transaction_type_id":"1","transaction_mode":"CASH","transaction_amount":"120.05"},{"id":58,"bank_id":"1","sender_owener_id":"1","transaction_type_id":"2","transaction_mode":"CASH","transaction_amount":"100"},{"id":59,"bank_id":"1","sender_owener_id":"1","transaction_type_id":"3","transaction_mode":"NEFT","transaction_amount":"40"},{"id":60,"bank_id":"1","sender_owener_id":"1","transaction_type_id":"1","transaction_mode":"CASH","transaction_amount":"120.05"},{"id":61,"bank_id":"1","sender_owener_id":"1","transaction_type_id":"2","transaction_mode":"CASH","transaction_amount":"100"},{"id":62,"bank_id":"1","sender_owener_id":"1","transaction_type_id":"3","transaction_mode":"NEFT","transaction_amount":"40"},{"id":63,"bank_id":"1","sender_owener_id":"1","transaction_type_id":"3","transaction_mode":"NEFT","transaction_amount":"20.20"},{"id":64,"bank_id":"1","sender_owener_id":"1","transaction_type_id":"1","transaction_mode":"CASH","transaction_amount":"500"},{"id":65,"bank_id":"1","sender_owener_id":"1","transaction_type_id":"2","transaction_mode":"CASH","transaction_amount":"501"},{"id":66,"bank_id":"1","sender_owener_id":"1","transaction_type_id":"3","transaction_mode":"NEFT","transaction_amount":"20.20"},{"id":67,"bank_id":"1","sender_owener_id":"1","transaction_type_id":"1","transaction_mode":"CASH","transaction_amount":"5000"},{"id":68,"bank_id":"1","sender_owener_id":"1","transaction_type_id":"1","transaction_mode":"CASH","transaction_amount":"120.05"},{"id":69,"bank_id":"1","sender_owener_id":"1","transaction_type_id":"2","transaction_mode":"CASH","transaction_amount":"100"},{"id":70,"bank_id":"1","sender_owener_id":"1","transaction_type_id":"3","transaction_mode":"NEFT","transaction_amount":"40"},{"id":71,"bank_id":"1","sender_owener_id":"1","transaction_type_id":"1","transaction_mode":"CASH","transaction_amount":"120.05"},{"id":72,"bank_id":"1","sender_owener_id":"1","transaction_type_id":"2","transaction_mode":"CASH","transaction_amount":"100"},{"id":73,"bank_id":"1","sender_owener_id":"1","transaction_type_id":"3","transaction_mode":"NEFT","transaction_amount":"40"},{"id":74,"bank_id":"1","sender_owener_id":"1","transaction_type_id":"1","transaction_mode":"CASH","transaction_amount":"120.05"},{"id":75,"bank_id":"1","sender_owener_id":"1","transaction_type_id":"2","transaction_mode":"CASH","transaction_amount":"100"},{"id":76,"bank_id":"1","sender_owener_id":"1","transaction_type_id":"3","transaction_mode":"NEFT","transaction_amount":"40"},{"id":77,"bank_id":"1","sender_owener_id":"1","transaction_type_id":"1","transaction_mode":"CASH","transaction_amount":"120.05"},{"id":78,"bank_id":"1","sender_owener_id":"1","transaction_type_id":"2","transaction_mode":"CASH","transaction_amount":"100"},{"id":79,"bank_id":"1","sender_owener_id":"1","transaction_type_id":"3","transaction_mode":"NEFT","transaction_amount":"40"},{"id":80,"bank_id":"1","sender_owener_id":"1","transaction_type_id":"1","transaction_mode":"CASH","transaction_amount":"120.05"},{"id":81,"bank_id":"1","sender_owener_id":"1","transaction_type_id":"2","transaction_mode":"CASH","transaction_amount":"100"},{"id":82,"bank_id":"1","sender_owener_id":"1","transaction_type_id":"3","transaction_mode":"NEFT","transaction_amount":"40"},{"id":83,"bank_id":"1","sender_owener_id":"1","transaction_type_id":"1","transaction_mode":"CASH","transaction_amount":"120.05"},{"id":84,"bank_id":"1","sender_owener_id":"1","transaction_type_id":"2","transaction_mode":"CASH","transaction_amount":"100"},{"id":85,"bank_id":"1","sender_owener_id":"1","transaction_type_id":"3","transaction_mode":"NEFT","transaction_amount":"40"},{"id":86,"bank_id":"1","sender_owener_id":"1","transaction_type_id":"1","transaction_mode":"CASH","transaction_amount":"120.05"},{"id":87,"bank_id":"1","sender_owener_id":"1","transaction_type_id":"2","transaction_mode":"CASH","transaction_amount":"100"},{"id":88,"bank_id":"1","sender_owener_id":"1","transaction_type_id":"3","transaction_mode":"NEFT","transaction_amount":"40"},{"id":89,"bank_id":"1","sender_owener_id":"1","transaction_type_id":"1","transaction_mode":"CASH","transaction_amount":"120.05"},{"id":90,"bank_id":"1","sender_owener_id":"1","transaction_type_id":"2","transaction_mode":"CASH","transaction_amount":"100"},{"id":91,"bank_id":"1","sender_owener_id":"1","transaction_type_id":"3","transaction_mode":"NEFT","transaction_amount":"40"},{"id":92,"bank_id":"1","sender_owener_id":"1","transaction_type_id":"1","transaction_mode":"CASH","transaction_amount":"120.05"},{"id":93,"bank_id":"1","sender_owener_id":"1","transaction_type_id":"2","transaction_mode":"CASH","transaction_amount":"100"},{"id":94,"bank_id":"1","sender_owener_id":"1","transaction_type_id":"3","transaction_mode":"NEFT","transaction_amount":"40"},{"id":95,"bank_id":"1","sender_owener_id":"1","transaction_type_id":"1","transaction_mode":"CASH","transaction_amount":"120.05"},{"id":96,"bank_id":"1","sender_owener_id":"1","transaction_type_id":"2","transaction_mode":"CASH","transaction_amount":"100"},{"id":97,"bank_id":"1","sender_owener_id":"1","transaction_type_id":"3","transaction_mode":"NEFT","transaction_amount":"40"}]